{
    "5": {
        "Attack": 40.388348,
        "Resist": 20.194174,
        "HP": 3231.0679,
        "Crit": 20.194174
    },
    "10": {
        "Attack": 87.35534,
        "Resist": 43.67767,
        "HP": 6988.4272,
        "Crit": 43.67767
    },
    "15": {
        "Attack": 140.97087,
        "Resist": 70.485435,
        "HP": 11277.67,
        "Crit": 70.485435
    },
    "20": {
        "Attack": 202.05826,
        "Resist": 101.02913,
        "HP": 16164.66,
        "Crit": 101.02913
    },
    "25": {
        "Attack": 270.86603,
        "Resist": 135.43301,
        "HP": 21669.281,
        "Crit": 135.43301
    },
    "30": {
        "Attack": 349.86407,
        "Resist": 174.93204,
        "HP": 27989.127,
        "Crit": 174.93204
    },
    "35": {
        "Attack": 439.41748,
        "Resist": 219.70874,
        "HP": 35153.4,
        "Crit": 219.70874
    },
    "40": {
        "Attack": 541.5146,
        "Resist": 270.7573,
        "HP": 43321.164,
        "Crit": 270.7573
    },
    "45": {
        "Attack": 660.93207,
        "Resist": 330.46603,
        "HP": 52874.562,
        "Crit": 330.46603
    },
    "50": {
        "Attack": 800.0,
        "Resist": 400.0,
        "HP": 64000.0,
        "Crit": 400.0
    },
    "55": {
        "Attack": 880.0,
        "Resist": 440.0,
        "HP": 70400.0,
        "Crit": 440.0
    },
    "60": {
        "Attack": 964.0,
        "Resist": 484.0,
        "HP": 77500.0,
        "Crit": 484.0
    },
    "65": {
        "Attack": 1060.0,
        "Resist": 532.0,
        "HP": 85000.0,
        "Crit": 532.0
    }
}