{
    "Base": {
        "Mind": {
            "HP": 1019.4175,
            "Crit": 12.135922
        },
        "Memory": {
            "Attack": 9.40534,
            "HP": 461.16504
        },
        "Faith": {
            "Attack": 9.40534,
            "HP": 461.16504
        },
        "Emotion": {
            "Attack": 5.461165,
            "Resist": 12.135922
        }
    },
    "Upgrade": {
        
    }
}