{
    "1_1": {
        "Resist": 6.525243,
        "HP": 2088.0776
    },
    "1_2": {
        "Attack": 21.750809,
        "Resist": 19.575727,
        "HP": 2088.0776
    },
    "1_3": {
        "Attack": 43.501617,
        "Resist": 32.626213,
        "HP": 2088.0776
    },
    "1_4": {
        "Attack": 43.501617,
        "Resist": 32.626213,
        "HP": 4176.1553,
        "Crit": 41.524273
    },
    "1_5": {
        "Attack": 65.252426,
        "Resist": 32.626213,
        "HP": 5220.1943,
        "Crit": 41.524273
    },
    "2_1": {
        "Attack": 65.252426,
        "Resist": 39.61068,
        "HP": 7455.223,
        "Crit": 41.524273
    },
    "2_2": {
        "Attack": 88.53398,
        "Resist": 53.579613,
        "HP": 7455.223,
        "Crit": 41.524273
    },
    "2_3": {
        "Attack": 111.81554,
        "Resist": 67.548546,
        "HP": 7455.223,
        "Crit": 41.524273
    },
    "2_4": {
        "Attack": 111.81554,
        "Resist": 67.548546,
        "HP": 9690.252,
        "Crit": 85.97087
    },
    "2_5": {
        "Attack": 135.09709,
        "Resist": 67.548546,
        "HP": 10807.767,
        "Crit": 85.97087
    },
    "3_1": {
        "Attack": 135.09709,
        "Resist": 75.18446,
        "HP": 13251.262,
        "Crit": 85.97087
    },
    "3_2": {
        "Attack": 160.55016,
        "Resist": 90.456314,
        "HP": 13251.262,
        "Crit": 85.97087
    },
    "3_3": {
        "Attack": 186.00323,
        "Resist": 105.72816,
        "HP": 13251.262,
        "Crit": 85.97087
    },
    "3_4": {
        "Attack": 186.00323,
        "Resist": 105.72816,
        "HP": 15694.757,
        "Crit": 134.56311
    },
    "3_5": {
        "Attack": 211.45631,
        "Resist": 105.72816,
        "HP": 16916.504,
        "Crit": 134.56311
    },
    "4_1": {
        "Attack": 211.45631,
        "Resist": 114.43204,
        "HP": 19701.748,
        "Crit": 134.56311
    },
    "4_2": {
        "Attack": 240.46925,
        "Resist": 131.83981,
        "HP": 19701.748,
        "Crit": 134.56311
    },
    "4_3": {
        "Attack": 269.4822,
        "Resist": 149.24757,
        "HP": 19701.748,
        "Crit": 134.56311
    },
    "4_4": {
        "Attack": 269.4822,
        "Resist": 149.24757,
        "HP": 22486.99,
        "Crit": 189.95146
    },
    "4_5": {
        "Attack": 298.49515,
        "Resist": 149.24757,
        "HP": 23879.611,
        "Crit": 189.95146
    },
    "5_1": {
        "Attack": 298.49515,
        "Resist": 159.01942,
        "HP": 27006.602,
        "Crit": 189.95146
    },
    "5_2": {
        "Attack": 331.06796,
        "Resist": 178.56311,
        "HP": 27006.602,
        "Crit": 189.95146
    },
    "5_3": {
        "Attack": 363.64078,
        "Resist": 198.1068,
        "HP": 27006.602,
        "Crit": 189.95146
    },
    "5_4": {
        "Attack": 363.64078,
        "Resist": 198.1068,
        "HP": 30133.592,
        "Crit": 252.13593
    },
    "5_5": {
        "Attack": 396.2136,
        "Resist": 198.1068,
        "HP": 31697.088,
        "Crit": 252.13593
    },
    "6_1": {
        "Attack": 396.2136,
        "Resist": 208.94661,
        "HP": 35165.824,
        "Crit": 252.13593
    },
    "6_2": {
        "Attack": 432.34628,
        "Resist": 230.62622,
        "HP": 35165.824,
        "Crit": 252.13593
    },
    "6_3": {
        "Attack": 468.47897,
        "Resist": 252.30583,
        "HP": 35165.824,
        "Crit": 252.13593
    },
    "6_4": {
        "Attack": 468.47897,
        "Resist": 252.30583,
        "HP": 38634.562,
        "Crit": 321.11652
    },
    "6_5": {
        "Attack": 504.61166,
        "Resist": 252.30583,
        "HP": 40368.934,
        "Crit": 321.11652
    },
    "7_1": {
        "Attack": 504.61166,
        "Resist": 264.2136,
        "HP": 44179.418,
        "Crit": 321.11652
    },
    "7_2": {
        "Attack": 544.3042,
        "Resist": 288.0291,
        "HP": 44179.418,
        "Crit": 321.11652
    },
    "7_3": {
        "Attack": 583.99677,
        "Resist": 311.84467,
        "HP": 44179.418,
        "Crit": 321.11652
    },
    "7_4": {
        "Attack": 583.99677,
        "Resist": 311.84467,
        "HP": 47989.902,
        "Crit": 396.89322
    },
    "7_5": {
        "Attack": 623.68933,
        "Resist": 311.84467,
        "HP": 49895.145,
        "Crit": 396.89322
    },
    "8_1": {
        "Attack": 623.68933,
        "Resist": 325.7068,
        "HP": 54331.027,
        "Crit": 396.89322
    },
    "8_2": {
        "Attack": 669.8964,
        "Resist": 353.43106,
        "HP": 54331.027,
        "Crit": 396.89322
    },
    "8_3": {
        "Attack": 716.1036,
        "Resist": 381.15533,
        "HP": 54331.027,
        "Crit": 396.89322
    },
    "8_4": {
        "Attack": 716.1036,
        "Resist": 381.15533,
        "HP": 58766.914,
        "Crit": 485.10678
    },
    "8_5": {
        "Attack": 762.31067,
        "Resist": 381.15533,
        "HP": 60984.855,
        "Crit": 485.10678
    },
    "9_1": {
        "Attack": 762.31067,
        "Resist": 396.79562,
        "HP": 65989.75,
        "Crit": 485.10678
    },
    "9_2": {
        "Attack": 814.445,
        "Resist": 428.0762,
        "HP": 65989.75,
        "Crit": 485.10678
    },
    "9_3": {
        "Attack": 866.5793,
        "Resist": 459.35678,
        "HP": 65989.75,
        "Crit": 485.10678
    },
    "9_4": {
        "Attack": 866.5793,
        "Resist": 459.35678,
        "HP": 70994.64,
        "Crit": 584.6359
    },
    "9_5": {
        "Attack": 918.71356,
        "Resist": 459.35678,
        "HP": 73497.086,
        "Crit": 584.6359
    },
    "10_1": {
        "Attack": 918.71356,
        "Resist": 468.4211,
        "HP": 76397.67,
        "Crit": 584.6359
    },
    "10_2": {
        "Attack": 948.928,
        "Resist": 486.54974,
        "HP": 76397.67,
        "Crit": 584.6359
    },
    "10_3": {
        "Attack": 979.1424,
        "Resist": 504.6784,
        "HP": 76397.67,
        "Crit": 584.6359
    },
    "10_4": {
        "Attack": 979.1424,
        "Resist": 504.6784,
        "HP": 79298.25,
        "Crit": 642.31793
    },
    "10_5": {
        "Attack": 1009.3568,
        "Resist": 504.6784,
        "HP": 80748.55,
        "Crit": 642.31793
    },
    "11_1": {
        "Attack": 1009.3568,
        "Resist": 513.74274,
        "HP": 83649.125,
        "Crit": 642.31793
    },
    "11_2": {
        "Attack": 1039.5712,
        "Resist": 531.87134,
        "HP": 83649.125,
        "Crit": 642.31793
    },
    "11_3": {
        "Attack": 1069.7856,
        "Resist": 550.0,
        "HP": 83649.125,
        "Crit": 642.31793
    },
    "11_4": {
        "Attack": 1069.7856,
        "Resist": 550.0,
        "HP": 86549.71,
        "Crit": 700.0
    },
    "11_5": {
        "Attack": 1100.0,
        "Resist": 550.0,
        "HP": 88000.0,
        "Crit": 700.0
    }
}