{
    "Gnono_0": {"Attack": 1,"Resist": 1,"HP": 1,"Crit": 1},
    "Gnono_1": {"Attack": 1.166667,"Resist": 1.166667,"HP": 1.166667,"Crit": 1.166667},
    "Gnono_2": {"Attack": 1.493333,"Resist": 1.333333,"HP": 1.333333,"Crit": 1.333333},
    "Gnono_3": {"Attack": 1.66,"Resist": 1.5,"HP": 1.5,"Crit": 1.5},
    "Gnono_4": {"Attack": 2.146667,"Resist": 1.666667,"HP": 1.666667,"Crit": 1.666667},
    "Gnono_5": {"Attack": 2.313333,"Resist": 1.833333,"HP": 1.833333,"Crit": 1.833333},
    "Gnono_6": {"Attack": 2.48,"Resist": 2,"HP": 2,"Crit": 2},
    "Crow_0": {"Attack": 1,"Resist": 1,"HP": 1,"Crit": 1},
    "Crow_1": {"Attack": 1.166667,"Resist": 1.166667,"HP": 1.166667,"Crit": 1.166667},
    "Crow_2": {"Attack": 1.493333,"Resist": 1.333333,"HP": 1.333333,"Crit": 1.333333},
    "Crow_3": {"Attack": 1.66,"Resist": 1.5,"HP": 1.5,"Crit": 1.5},
    "Crow_4": {"Attack": 1.826667,"Resist": 1.666667,"HP": 1.986667,"Crit": 1.666667},
    "Crow_5": {"Attack": 1.993333,"Resist": 1.833333,"HP": 2.153333,"Crit": 1.833333},
    "Crow_6": {"Attack": 2.16,"Resist": 2,"HP": 2.32,"Crit": 2},
    "Meryl_0": {"Attack": 1,"Resist": 1,"HP": 1,"Crit": 1},
    "Meryl_1": {"Attack": 1.166667,"Resist": 1.166667,"HP": 1.166667,"Crit": 1.166667},
    "Meryl_2": {"Attack": 1.333333,"Resist": 1.333333,"HP": 1.493333,"Crit": 1.333333},
    "Meryl_3": {"Attack": 1.5,"Resist": 1.5,"HP": 1.66,"Crit": 1.5},
    "Meryl_4": {"Attack": 1.666667,"Resist": 1.666667,"HP": 2.146667,"Crit": 1.666667},
    "Meryl_5": {"Attack": 1.833333,"Resist": 1.833333,"HP": 2.313333,"Crit": 1.833333},
    "Meryl_6": {"Attack": 2,"Resist": 2,"HP": 2.48,"Crit": 2},
    "Tsubasa_0": {"Attack": 1,"Resist": 1,"HP": 1,"Crit": 1},
    "Tsubasa_1": {"Attack": 1.166667,"Resist": 1.166667,"HP": 1.166667,"Crit": 1.166667},
    "Tsubasa_2": {"Attack": 1.493333,"Resist": 1.333333,"HP": 1.333333,"Crit": 1.333333},
    "Tsubasa_3": {"Attack": 1.66,"Resist": 1.5,"HP": 1.5,"Crit": 1.5},
    "Tsubasa_4": {"Attack": 2.146667,"Resist": 1.666667,"HP": 1.666667,"Crit": 1.666667},
    "Tsubasa_5": {"Attack": 2.313333,"Resist": 1.833333,"HP": 1.833333,"Crit": 1.833333},
    "Tsubasa_6": {"Attack": 2.48,"Resist": 2,"HP": 2,"Crit": 2},
    "Cocoritter_0": {"Attack": 1,"Resist": 1,"HP": 1,"Crit": 1},
    "Cocoritter_1": {"Attack": 1.166667,"Resist": 1.166667,"HP": 1.166667,"Crit": 1.166667},
    "Cocoritter_2": {"Attack": 1.333333,"Resist": 1.333333,"HP": 1.493333,"Crit": 1.333333},
    "Cocoritter_3": {"Attack": 1.5,"Resist": 1.5,"HP": 1.66,"Crit": 1.5},
    "Cocoritter_4": {"Attack": 1.666667,"Resist": 1.666667,"HP": 2.146667,"Crit": 1.666667},
    "Cocoritter_5": {"Attack": 1.833333,"Resist": 1.833333,"HP": 2.313333,"Crit": 1.833333},
    "Cocoritter_6": {"Attack": 2,"Resist": 2,"HP": 2.48,"Crit": 2},
    "KING_0": {"Attack": 1,"Resist": 1,"HP": 1,"Crit": 1},
    "KING_1": {"Attack": 1.166667,"Resist": 1.166667,"HP": 1.166667,"Crit": 1.166667},
    "KING_2": {"Attack": 1.333333,"Resist": 1.333333,"HP": 1.493333,"Crit": 1.333333},
    "KING_3": {"Attack": 1.5,"Resist": 1.5,"HP": 1.66,"Crit": 1.5},
    "KING_4": {"Attack": 1.986667,"Resist": 1.666667,"HP": 1.826667,"Crit": 1.666667},
    "KING_5": {"Attack": 2.153333,"Resist": 1.833333,"HP": 1.993333,"Crit": 1.833333},
    "KING_6": {"Attack": 2.32,"Resist": 2,"HP": 2.16,"Crit": 2},
    "Cobalt_0": {"Attack": 1,"Resist": 1,"HP": 1,"Crit": 1},
    "Cobalt_1": {"Attack": 1.166667,"Resist": 1.166667,"HP": 1.166667,"Crit": 1.166667},
    "Cobalt_2": {"Attack": 1.493333,"Resist": 1.333333,"HP": 1.333333,"Crit": 1.333333},
    "Cobalt_3": {"Attack": 1.66,"Resist": 1.5,"HP": 1.5,"Crit": 1.5},
    "Cobalt_4": {"Attack": 2.146667,"Resist": 1.666667,"HP": 1.666667,"Crit": 1.666667},
    "Cobalt_5": {"Attack": 2.313333,"Resist": 1.833333,"HP": 1.833333,"Crit": 1.833333},
    "Cobalt_6": {"Attack": 2.48,"Resist": 2,"HP": 2,"Crit": 2},
    "Claudia_0": {"Attack": 1,"Resist": 1,"HP": 1,"Crit": 1},
    "Claudia_1": {"Attack": 1.166667,"Resist": 1.166667,"HP": 1.166667,"Crit": 1.166667},
    "Claudia_2": {"Attack": 1.493333,"Resist": 1.333333,"HP": 1.333333,"Crit": 1.333333},
    "Claudia_3": {"Attack": 1.66,"Resist": 1.5,"HP": 1.5,"Crit": 1.5},
    "Claudia_4": {"Attack": 1.826667,"Resist": 1.666667,"HP": 1.986667,"Crit": 1.666667},
    "Claudia_5": {"Attack": 1.993333,"Resist": 1.833333,"HP": 2.153333,"Crit": 1.833333},
    "Claudia_6": {"Attack": 2.16,"Resist": 2,"HP": 2.32,"Crit": 2},
    "Shiro_0": {"Attack": 1,"Resist": 1,"HP": 1,"Crit": 1},
    "Shiro_1": {"Attack": 1.166667,"Resist": 1.166667,"HP": 1.166667,"Crit": 1.166667},
    "Shiro_2": {"Attack": 1.493333,"Resist": 1.333333,"HP": 1.333333,"Crit": 1.333333},
    "Shiro_3": {"Attack": 1.66,"Resist": 1.5,"HP": 1.5,"Crit": 1.5},
    "Shiro_4": {"Attack": 1.826667,"Resist": 1.666667,"HP": 1.986667,"Crit": 1.666667},
    "Shiro_5": {"Attack": 1.993333,"Resist": 1.833333,"HP": 2.153333,"Crit": 1.833333},
    "Shiro_6": {"Attack": 2.16,"Resist": 2,"HP": 2.32,"Crit": 2},
    "Zero_0": {"Attack": 1,"Resist": 1,"HP": 1,"Crit": 1},
    "Zero_1": {"Attack": 1.166667,"Resist": 1.166667,"HP": 1.166667,"Crit": 1.166667},
    "Zero_2": {"Attack": 1.493333,"Resist": 1.333333,"HP": 1.333333,"Crit": 1.333333},
    "Zero_3": {"Attack": 1.66,"Resist": 1.5,"HP": 1.5,"Crit": 1.5},
    "Zero_4": {"Attack": 1.826667,"Resist": 1.666667,"HP": 1.986667,"Crit": 1.666667},
    "Zero_5": {"Attack": 1.993333,"Resist": 1.833333,"HP": 2.153333,"Crit": 1.833333},
    "Zero_6": {"Attack": 2.16,"Resist": 2,"HP": 2.32,"Crit": 2},
    "Samir_0": {"Attack": 1,"Resist": 1,"HP": 1,"Crit": 1},
    "Samir_1": {"Attack": 1.166667,"Resist": 1.166667,"HP": 1.166667,"Crit": 1.166667},
    "Samir_2": {"Attack": 1.493333,"Resist": 1.333333,"HP": 1.333333,"Crit": 1.333333},
    "Samir_3": {"Attack": 1.66,"Resist": 1.5,"HP": 1.5,"Crit": 1.5},
    "Samir_4": {"Attack": 2.146667,"Resist": 1.666667,"HP": 1.666667,"Crit": 1.666667},
    "Samir_5": {"Attack": 2.313333,"Resist": 1.833333,"HP": 1.833333,"Crit": 1.833333},
    "Samir_6": {"Attack": 2.48,"Resist": 2,"HP": 2,"Crit": 2},
    "Huma_0": {"Attack": 1,"Resist": 1,"HP": 1,"Crit": 1},
    "Huma_1": {"Attack": 1.166667,"Resist": 1.166667,"HP": 1.166667,"Crit": 1.166667},
    "Huma_2": {"Attack": 1.333333,"Resist": 1.333333,"HP": 1.493333,"Crit": 1.333333},
    "Huma_3": {"Attack": 1.5,"Resist": 1.5,"HP": 1.66,"Crit": 1.5},
    "Huma_4": {"Attack": 1.986667,"Resist": 1.666667,"HP": 1.826667,"Crit": 1.666667},
    "Huma_5": {"Attack": 2.153333,"Resist": 1.833333,"HP": 1.993333,"Crit": 1.833333},
    "Huma_6": {"Attack": 2.32,"Resist": 2,"HP": 2.16,"Crit": 2},
    "Fiona_0": {"Attack": 1,"Resist": 1,"HP": 1,"Crit": 1},
    "Fiona_1": {"Attack": 1.166667,"Resist": 1.166667,"HP": 1.166667,"Crit": 1.166667},
    "Fiona_2": {"Attack": 1.493333,"Resist": 1.333333,"HP": 1.333333,"Crit": 1.333333},
    "Fiona_3": {"Attack": 1.66,"Resist": 1.5,"HP": 1.5,"Crit": 1.5},
    "Fiona_4": {"Attack": 2.146667,"Resist": 1.666667,"HP": 1.666667,"Crit": 1.666667},
    "Fiona_5": {"Attack": 2.313333,"Resist": 1.833333,"HP": 1.833333,"Crit": 1.833333},
    "Fiona_6": {"Attack": 2.48,"Resist": 2,"HP": 2,"Crit": 2},
    "Rubilia_0": {"Attack": 1,"Resist": 1,"HP": 1,"Crit": 1},
    "Rubilia_1": {"Attack": 1.166667,"Resist": 1.166667,"HP": 1.166667,"Crit": 1.166667},
    "Rubilia_2": {"Attack": 1.493333,"Resist": 1.333333,"HP": 1.333333,"Crit": 1.333333},
    "Rubilia_3": {"Attack": 1.66,"Resist": 1.5,"HP": 1.5,"Crit": 1.5},
    "Rubilia_4": {"Attack": 2.146667,"Resist": 1.666667,"HP": 1.666667,"Crit": 1.666667},
    "Rubilia_5": {"Attack": 2.313333,"Resist": 1.833333,"HP": 1.833333,"Crit": 1.833333},
    "Rubilia_6": {"Attack": 2.48,"Resist": 2,"HP": 2,"Crit": 2},
    "Linghan_0": {"Attack": 1,"Resist": 1,"HP": 1,"Crit": 1},
    "Linghan_1": {"Attack": 1.166667,"Resist": 1.166667,"HP": 1.166667,"Crit": 1.166667},
    "Linghan_2": {"Attack": 1.493333,"Resist": 1.333333,"HP": 1.333333,"Crit": 1.333333},
    "Linghan_3": {"Attack": 1.66,"Resist": 1.5,"HP": 1.5,